Class,Precision,Recall,F1-Score,Specificity,seed
N,0.8612645794966237,0.9395388883574094,0.8987005856515373,0.6620741215422408,20
Q,0.6191656340355225,0.6882460973370065,0.6518808436616655,0.96717809974725,20
S,0.9593837535014006,0.6531273836765827,0.7771726798275471,0.9942057942057942,20
V,0.7819293478260869,0.5929933024214322,0.6744799296806329,0.9886684552386331,20
