Class,Precision,Recall,F1-Score,Specificity,seed
N,0.7628174790976495,0.9719597989949749,0.8547816864062224,0.5840365195739383,20
Q,0.9915492957746479,0.5668276972624798,0.7213114754098361,0.9972650196006929,20
S,0.0,0.0,0.0,0.9991811907825476,20
V,0.6723585912486659,0.6716417910447762,0.672,0.9810972230773967,20
